,input.source,input.ap,input.states,input.edges,input.transitions,Acceptance Sets,input.scc,input.nondetstates,input.nondeterministic,input.alternating,Base,Skip,Jump,SkipJump,BaseMin,SkipMin,JumpMin,SkipJumpMin
0,random_automata.hoa:1.1-25.7,2,5,11,11,2,1,3,1,0,345,267,345,267,111,111,111,111
1,random_automata.hoa:26.1-41.7,2,3,4,4,2,1,0,0,0,16,12,12,8,9,9,7,7
2,random_automata.hoa:42.1-55.7,2,2,3,3,2,1,0,0,0,13,10,13,10,7,7,7,7
3,random_automata.hoa:56.1-73.7,2,4,5,5,2,2,0,0,0,19,15,19,15,5,5,5,5
4,random_automata.hoa:74.1-94.7,2,4,8,8,2,1,2,1,0,257,186,267,195,70,70,62,62
5,random_automata.hoa:95.1-121.7,2,6,12,12,2,2,2,1,0,44,36,56,35,16,16,16,16
6,random_automata.hoa:122.1-154.7,2,7,17,17,2,1,2,1,0,638,494,635,466,151,151,154,154
7,random_automata.hoa:155.1-183.7,2,6,14,14,2,2,4,1,0,166,134,155,115,53,53,46,46
8,random_automata.hoa:184.1-210.7,2,6,12,12,2,2,2,1,0,82,65,82,65,25,25,25,25
9,random_automata.hoa:211.1-224.7,2,2,3,3,2,1,1,1,0,13,10,13,10,2,2,2,2
10,random_automata.hoa:225.1-252.7,2,7,12,12,2,2,3,1,0,102,76,102,76,32,32,32,32
11,random_automata.hoa:253.1-282.7,2,6,15,15,2,1,1,1,0,265,224,265,224,102,102,102,102
12,random_automata.hoa:283.1-304.7,2,4,9,9,2,1,2,1,0,94,71,94,71,36,36,36,36
13,random_automata.hoa:305.1-327.7,2,5,9,9,2,2,2,1,0,55,36,55,36,15,15,15,15
14,random_automata.hoa:328.1-355.7,2,6,13,13,2,1,1,1,0,420,322,519,320,139,139,99,99
15,random_automata.hoa:356.1-376.7,2,4,8,8,2,1,1,1,0,116,91,105,80,19,19,17,17
16,random_automata.hoa:377.1-402.7,2,5,12,12,2,1,3,1,0,174,133,174,133,55,55,55,55
17,random_automata.hoa:403.1-434.7,2,7,16,16,2,1,3,1,0,1479,1082,1479,1082,273,273,273,273
18,random_automata.hoa:435.1-469.7,2,7,19,19,2,1,2,1,0,689,507,700,519,163,163,157,157
19,random_automata.hoa:470.1-501.7,2,7,16,16,2,1,1,1,0,238,186,277,184,89,89,72,72
20,random_automata.hoa:502.1-533.7,2,7,16,16,2,1,3,1,0,518,412,518,412,128,128,128,128
21,random_automata.hoa:534.1-567.7,2,7,18,18,2,1,2,1,0,1012,665,1006,659,113,113,113,113
22,random_automata.hoa:568.1-594.7,2,6,12,12,2,2,1,1,0,76,58,70,52,12,12,12,12
23,random_automata.hoa:595.1-627.7,2,7,17,17,2,1,3,1,0,205,152,205,152,54,54,54,54
24,random_automata.hoa:628.1-647.7,2,4,7,7,2,1,0,0,0,23,18,13,8,14,14,7,7
25,random_automata.hoa:648.1-679.7,2,6,17,17,2,1,2,1,0,578,432,132,88,265,265,36,36
26,random_automata.hoa:680.1-702.7,2,5,9,9,2,2,0,0,0,22,16,21,15,11,11,11,11
27,random_automata.hoa:703.1-727.7,3,5,11,11,2,1,1,1,0,54,41,54,41,21,21,21,21
28,random_automata.hoa:728.1-742.7,3,2,4,4,2,1,1,1,0,27,20,27,20,7,7,7,7
29,random_automata.hoa:743.1-773.7,3,7,15,15,2,1,1,1,0,69,50,99,67,24,24,46,46
30,random_automata.hoa:774.1-808.7,3,7,19,19,2,1,2,1,0,466,352,466,352,143,143,143,143
31,random_automata.hoa:809.1-837.7,3,6,14,14,2,1,2,1,0,236,181,232,177,69,69,68,68
32,random_automata.hoa:838.1-855.7,3,4,5,5,2,1,0,0,0,21,16,21,16,10,10,10,10
33,random_automata.hoa:856.1-887.7,3,7,16,16,2,1,2,1,0,261,200,261,200,93,93,93,93
34,random_automata.hoa:888.1-903.7,3,3,4,4,2,1,0,0,0,13,9,13,9,6,6,6,6
35,random_automata.hoa:904.1-937.7,3,7,18,18,2,1,2,1,0,379,272,429,296,106,106,108,108
36,random_automata.hoa:938.1-969.7,3,7,16,16,2,4,2,1,0,190,146,144,97,35,35,29,29
37,random_automata.hoa:970.1-997.7,3,6,13,13,2,2,2,1,0,54,44,54,44,14,14,14,14
38,random_automata.hoa:998.1-1022.7,3,6,10,10,2,2,0,0,0,23,17,23,17,12,12,11,11
39,random_automata.hoa:1023.1-1050.7,3,6,13,13,2,1,1,1,0,98,75,96,73,29,29,16,16
40,random_automata.hoa:1051.1-1078.7,3,6,13,13,2,1,1,1,0,135,98,135,98,40,40,40,40
41,random_automata.hoa:1079.1-1096.7,3,3,6,6,2,1,0,0,0,16,12,16,12,9,9,9,9
42,random_automata.hoa:1097.1-1113.7,3,3,5,5,2,1,0,0,0,20,16,20,16,11,11,11,11
43,random_automata.hoa:1114.1-1146.7,3,7,17,17,2,1,3,1,0,89,74,122,71,63,63,61,61
44,random_automata.hoa:1147.1-1181.7,3,7,19,19,2,2,2,1,0,204,159,182,137,42,42,24,24
45,random_automata.hoa:1182.1-1194.7,3,2,2,2,2,1,0,0,0,10,7,7,4,3,3,3,3
46,random_automata.hoa:1195.1-1218.7,3,5,10,10,2,1,0,0,0,24,18,24,18,13,13,13,13
47,random_automata.hoa:1219.1-1236.7,3,4,5,5,2,3,0,0,0,20,17,20,17,11,11,8,8
48,random_automata.hoa:1237.1-1252.7,3,2,4,4,2,1,0,0,0,13,10,13,10,6,6,6,6
49,random_automata.hoa:1253.1-1278.7,3,6,11,11,2,1,1,1,0,97,82,77,62,45,45,43,43
50,random_automata.hoa:1279.1-1297.7,3,4,6,6,2,2,0,0,0,15,11,15,11,8,8,8,8
51,random_automata.hoa:1298.1-1327.7,3,7,14,14,2,1,1,1,0,104,74,104,74,33,33,33,33
52,random_automata.hoa:1328.1-1351.7,3,5,10,10,2,1,2,1,0,91,71,94,74,29,29,29,29
53,random_automata.hoa:1352.1-1370.7,3,4,6,6,2,1,0,0,0,18,13,15,10,9,9,9,9
54,random_automata.hoa:1371.1-1404.7,3,7,18,18,2,1,2,1,0,527,411,518,406,111,111,111,111
55,random_automata.hoa:1405.1-1428.7,3,5,10,10,2,1,1,1,0,137,112,122,97,53,53,49,49
56,random_automata.hoa:1429.1-1452.7,4,5,10,10,2,2,1,1,0,169,120,169,120,40,40,40,40
57,random_automata.hoa:1453.1-1485.7,4,7,17,17,2,2,1,1,0,139,103,139,102,59,59,59,59
58,random_automata.hoa:1486.1-1510.7,4,5,11,11,2,1,0,0,0,26,20,26,20,15,15,15,15
59,random_automata.hoa:1511.1-1541.7,4,7,15,15,2,2,1,1,0,116,88,110,82,48,48,48,48
60,random_automata.hoa:1542.1-1563.7,4,5,8,8,2,1,0,0,0,23,17,23,17,9,9,9,9
61,random_automata.hoa:1564.1-1594.7,4,7,15,15,2,1,1,1,0,99,74,99,74,29,29,29,29
62,random_automata.hoa:1595.1-1628.7,4,7,18,18,2,1,1,1,0,67,50,67,50,27,27,27,27
63,random_automata.hoa:1629.1-1657.7,4,7,13,13,2,1,0,0,0,34,26,34,26,23,23,23,23
64,random_automata.hoa:1658.1-1689.7,4,7,16,16,2,2,0,0,0,36,29,36,29,24,24,24,24
65,random_automata.hoa:1690.1-1722.7,4,7,17,17,2,1,2,1,0,180,123,175,118,59,59,57,57
66,random_automata.hoa:1723.1-1755.7,4,7,17,17,2,1,1,1,0,272,212,267,207,90,90,88,88
67,random_automata.hoa:1756.1-1775.7,4,4,7,7,2,1,0,0,0,19,14,19,14,11,11,11,11
68,random_automata.hoa:1776.1-1804.7,4,7,13,13,2,1,0,0,0,38,30,38,30,25,25,25,25
69,random_automata.hoa:1805.1-1819.7,4,2,4,4,2,1,0,0,0,12,9,12,9,6,6,5,5
70,random_automata.hoa:1820.1-1845.7,4,6,11,11,2,1,0,0,0,33,26,33,26,19,19,19,19
71,random_automata.hoa:1846.1-1869.7,4,6,9,9,2,1,0,0,0,34,27,20,13,24,24,12,12
72,random_automata.hoa:1870.1-1897.7,4,6,13,13,2,1,0,0,0,35,28,34,27,25,25,23,23
73,random_automata.hoa:1898.1-1926.7,4,7,13,13,2,2,0,0,0,25,22,25,22,17,17,17,17
74,random_automata.hoa:1927.1-1942.7,4,3,4,4,2,1,1,1,0,37,30,36,29,16,16,14,14
75,random_automata.hoa:1943.1-1972.7,4,7,14,14,2,1,0,0,0,38,30,38,30,26,26,26,26
76,random_automata.hoa:1973.1-2005.7,4,7,17,17,2,1,0,0,0,31,23,31,23,16,16,16,16
77,random_automata.hoa:2006.1-2029.7,4,5,10,10,2,1,0,0,0,26,20,26,20,15,15,15,15
78,random_automata.hoa:2030.1-2050.7,4,4,8,8,2,2,0,0,0,23,19,23,19,12,12,12,12
79,random_automata.hoa:2051.1-2065.7,4,2,4,4,2,1,0,0,0,12,9,12,9,6,6,6,6
80,random_automata.hoa:2066.1-2088.7,4,5,9,9,2,2,0,0,0,24,19,24,19,12,12,12,12
81,random_automata.hoa:2089.1-2119.7,4,7,15,15,2,1,2,1,0,160,122,160,122,67,67,67,67
82,random_automata.hoa:2120.1-2140.7,4,4,8,8,2,2,1,1,0,36,31,36,31,15,15,15,15
83,random_automata.hoa:2141.1-2170.7,4,6,15,15,2,1,0,0,0,35,28,35,28,25,25,25,25
84,random_automata.hoa:2171.1-2195.7,4,5,11,11,2,1,0,0,0,26,20,26,20,17,17,17,17
85,random_automata.hoa:2196.1-2214.7,4,4,6,6,2,1,0,0,0,22,17,14,9,5,5,5,5
86,random_automata.hoa:2215.1-2238.7,4,5,10,10,2,2,0,0,0,30,24,30,24,20,20,14,14
87,random_automata.hoa:2239.1-2264.7,4,6,11,11,2,1,1,1,0,120,85,120,85,36,36,36,36
88,random_automata.hoa:2265.1-2289.7,2,5,11,11,3,1,2,1,0,136,123,136,123,81,81,81,81
89,random_automata.hoa:2290.1-2311.7,2,5,8,8,3,2,2,1,0,81,71,74,54,46,46,21,21
90,random_automata.hoa:2312.1-2326.7,2,2,4,4,3,1,1,1,0,46,40,21,16,24,24,8,8
91,random_automata.hoa:2327.1-2359.7,2,7,17,17,3,2,3,1,0,725,624,378,310,213,213,137,137
92,random_automata.hoa:2360.1-2390.7,2,7,15,15,3,1,1,1,0,232,184,173,125,69,69,39,39
93,random_automata.hoa:2391.1-2425.7,2,7,19,19,3,2,4,1,0,371,312,365,306,103,103,104,104
94,random_automata.hoa:2426.1-2454.7,2,6,14,14,3,1,2,1,0,386,333,169,129,102,102,76,76
95,random_automata.hoa:2455.1-2470.7,2,3,4,4,3,1,0,0,0,24,20,16,12,15,15,8,8
96,random_automata.hoa:2471.1-2504.7,2,7,18,18,3,1,3,1,0,256,224,256,224,91,91,91,91
97,random_automata.hoa:2505.1-2536.7,2,7,16,16,3,1,3,1,0,264,219,216,171,93,93,82,82
98,random_automata.hoa:2537.1-2551.7,2,2,4,4,3,1,0,0,0,21,18,15,12,13,13,9,9
99,random_automata.hoa:2552.1-2571.7,2,4,7,7,3,1,0,0,0,35,30,33,28,19,19,13,13
100,random_automata.hoa:2572.1-2599.7,2,6,13,13,3,1,1,1,0,187,157,103,75,80,80,52,52
101,random_automata.hoa:2600.1-2632.7,2,7,17,17,3,1,3,1,0,865,705,793,634,202,202,206,206
102,random_automata.hoa:2633.1-2667.7,2,7,19,19,3,3,2,1,0,4667,3567,4515,3413,821,821,796,796
103,random_automata.hoa:2668.1-2680.7,2,2,2,2,3,1,0,0,0,16,13,8,5,3,3,3,3
104,random_automata.hoa:2681.1-2704.7,2,5,10,10,3,1,1,1,0,285,231,285,231,76,76,76,76
105,random_automata.hoa:2705.1-2730.7,2,6,11,11,3,1,1,1,0,305,232,305,232,99,99,99,99
106,random_automata.hoa:2731.1-2760.7,2,7,14,14,3,1,3,1,0,463,403,357,292,132,132,120,120
107,random_automata.hoa:2761.1-2779.7,2,4,6,6,3,1,0,0,0,31,26,27,22,21,21,11,11
108,random_automata.hoa:2780.1-2813.7,2,7,18,18,3,2,2,1,0,430,358,301,242,118,118,74,74
109,random_automata.hoa:2814.1-2837.7,2,5,10,10,3,1,2,1,0,171,155,156,140,92,92,67,67
110,random_automata.hoa:2838.1-2870.7,3,7,17,17,3,1,1,1,0,186,149,152,115,34,34,29,29
111,random_automata.hoa:2871.1-2895.7,3,5,11,11,3,2,0,0,0,37,32,17,12,27,27,11,11
112,random_automata.hoa:2896.1-2926.7,3,7,15,15,3,1,2,1,0,298,253,298,253,96,96,96,96
113,random_automata.hoa:2927.1-2957.7,3,7,15,15,3,1,1,1,0,329,286,329,286,97,97,97,97
114,random_automata.hoa:2958.1-2991.7,3,7,18,18,3,1,1,1,0,556,491,556,491,183,183,183,183
115,random_automata.hoa:2992.1-3020.7,3,7,13,13,3,3,1,1,0,90,77,100,83,34,34,32,32
116,random_automata.hoa:3021.1-3052.7,3,7,16,16,3,2,1,1,0,460,414,460,414,130,130,130,130
117,random_automata.hoa:3053.1-3085.7,3,7,17,17,3,2,1,1,0,301,208,223,145,54,54,49,49
118,random_automata.hoa:3086.1-3118.7,3,7,17,17,3,1,3,1,0,748,578,737,566,144,144,142,142
119,random_automata.hoa:3119.1-3147.7,3,7,13,13,3,1,0,0,0,46,38,46,38,31,31,31,31
120,random_automata.hoa:3148.1-3173.7,3,6,11,11,3,1,1,1,0,196,166,196,166,74,74,74,74
121,random_automata.hoa:3174.1-3201.7,3,6,13,13,3,1,1,1,0,146,120,146,120,33,33,36,36
122,random_automata.hoa:3202.1-3231.7,3,7,14,14,3,1,1,1,0,555,434,553,432,79,79,81,81
123,random_automata.hoa:3232.1-3264.7,3,7,17,17,3,1,4,1,0,432,374,432,374,132,132,132,132
124,random_automata.hoa:3265.1-3288.7,3,5,10,10,3,1,1,1,0,309,270,162,129,69,69,53,53
125,random_automata.hoa:3289.1-3309.7,3,4,8,8,3,1,2,1,0,118,103,96,81,35,35,34,34
126,random_automata.hoa:3310.1-3332.7,3,5,9,9,3,1,0,0,0,32,26,20,14,21,21,11,11
127,random_automata.hoa:3333.1-3363.7,3,7,15,15,3,1,1,1,0,259,218,248,207,51,51,50,50
128,random_automata.hoa:3364.1-3388.7,3,5,11,11,3,1,0,0,0,40,34,40,34,27,27,27,27
129,random_automata.hoa:3389.1-3407.7,3,4,6,6,3,1,0,0,0,34,29,14,9,5,5,5,5
130,random_automata.hoa:3408.1-3431.7,3,5,10,10,3,1,0,0,0,31,25,31,25,11,11,11,11
131,random_automata.hoa:3432.1-3451.7,3,4,7,7,3,3,0,0,0,32,27,26,21,2,2,2,2
132,random_automata.hoa:3452.1-3477.7,3,6,11,11,3,1,1,1,0,80,66,80,66,21,21,21,21
133,random_automata.hoa:3478.1-3500.7,4,5,9,9,3,1,1,1,0,59,48,59,48,21,21,21,21
134,random_automata.hoa:3501.1-3526.7,4,6,11,11,3,2,0,0,0,35,29,35,29,16,16,16,16
135,random_automata.hoa:3527.1-3555.7,4,7,13,13,3,1,1,1,0,185,152,145,112,71,71,49,49
136,random_automata.hoa:3556.1-3585.7,4,6,15,15,3,1,1,1,0,262,216,262,216,82,82,82,82
137,random_automata.hoa:3586.1-3607.7,4,5,8,8,3,1,0,0,0,32,26,32,26,21,21,21,21
138,random_automata.hoa:3608.1-3633.7,4,6,11,11,3,1,1,1,0,124,101,158,120,29,29,63,63
139,random_automata.hoa:3634.1-3665.7,4,7,16,16,3,1,1,1,0,315,274,315,274,107,107,107,107
140,random_automata.hoa:3666.1-3697.7,4,7,16,16,3,1,1,1,0,218,188,218,188,97,97,93,93
141,random_automata.hoa:3698.1-3730.7,4,7,17,17,3,2,1,1,0,85,68,85,68,45,45,47,47
142,random_automata.hoa:3731.1-3751.7,4,4,8,8,3,1,0,0,0,34,29,34,29,23,23,23,23
143,random_automata.hoa:3752.1-3776.7,4,5,11,11,3,1,0,0,0,42,36,42,36,27,27,23,23
144,random_automata.hoa:3777.1-3803.7,4,6,12,12,3,1,1,1,0,353,293,353,293,86,86,86,86
145,random_automata.hoa:3804.1-3834.7,4,7,15,15,3,1,0,0,0,54,46,54,46,41,41,41,41
146,random_automata.hoa:3835.1-3852.7,4,4,5,5,3,1,0,0,0,28,23,18,13,14,14,9,9
147,random_automata.hoa:3853.1-3880.7,4,6,13,13,3,1,0,0,0,41,34,37,30,27,27,23,23
148,random_automata.hoa:3881.1-3907.7,4,6,12,12,3,2,1,1,0,82,63,57,38,20,20,14,14
149,random_automata.hoa:3908.1-3926.7,4,3,7,7,3,1,0,0,0,24,20,20,16,13,13,7,7
150,random_automata.hoa:3927.1-3949.7,4,5,9,9,3,1,0,0,0,33,27,33,27,18,18,16,16
151,random_automata.hoa:3950.1-3973.7,4,5,10,10,3,1,0,0,0,38,32,38,32,25,25,24,24
152,random_automata.hoa:3974.1-4007.7,4,7,18,18,3,1,1,1,0,173,144,110,88,45,45,40,40
153,random_automata.hoa:4008.1-4030.7,4,5,9,9,3,1,0,0,0,36,30,30,24,23,23,21,21
154,random_automata.hoa:4031.1-4060.7,4,7,14,14,3,1,1,1,0,174,152,80,49,71,71,35,35
155,random_automata.hoa:4061.1-4088.7,4,6,13,13,3,1,0,0,0,49,42,45,38,37,37,33,33
156,random_automata.hoa:4089.1-4122.7,4,7,18,18,3,1,1,1,0,279,222,279,222,91,91,91,91
157,random_automata.hoa:4123.1-4149.7,4,6,12,12,3,1,2,1,0,240,196,215,171,72,72,65,65
158,random_automata.hoa:4150.1-4173.7,4,5,10,10,3,1,0,0,0,34,28,30,24,23,23,17,17
159,random_automata.hoa:4174.1-4200.7,4,5,13,13,3,1,1,1,0,148,115,148,115,71,71,71,71
160,random_automata.hoa:4201.1-4225.7,4,5,11,11,3,1,0,0,0,38,32,38,32,25,25,25,25
161,random_automata.hoa:4226.1-4258.7,2,7,17,17,4,1,2,1,0,804,695,515,425,173,173,138,138
162,random_automata.hoa:4259.1-4283.7,2,5,11,11,4,1,1,1,0,268,237,230,199,75,75,55,55
163,random_automata.hoa:4284.1-4314.7,2,7,15,15,4,1,3,1,0,320,269,228,176,105,105,91,91
164,random_automata.hoa:4315.1-4336.7,2,5,8,8,4,1,0,0,0,39,33,38,32,19,19,19,19
165,random_automata.hoa:4337.1-4367.7,2,7,15,15,4,1,2,1,0,1767,1516,1767,1516,342,342,342,342
166,random_automata.hoa:4368.1-4401.7,2,7,18,18,4,1,1,1,0,1787,1527,1787,1527,260,260,260,260
167,random_automata.hoa:4402.1-4430.7,2,7,13,13,4,2,1,1,0,352,300,368,295,126,126,113,113
168,random_automata.hoa:4431.1-4447.7,2,3,5,5,4,1,1,1,0,158,141,41,24,44,44,20,20
169,random_automata.hoa:4448.1-4479.7,2,7,16,16,4,2,2,1,0,5768,4656,5768,4656,1024,1024,1024,1024
170,random_automata.hoa:4480.1-4512.7,2,7,17,17,4,1,3,1,0,1129,957,564,467,229,229,126,126
171,random_automata.hoa:4513.1-4527.7,2,2,4,4,4,1,1,1,0,130,118,48,36,39,39,18,18
172,random_automata.hoa:4528.1-4555.7,2,6,13,13,4,1,0,0,0,63,56,61,54,49,49,46,46
173,random_automata.hoa:4556.1-4584.7,2,7,13,13,4,2,2,1,0,505,424,440,356,107,107,92,92
174,random_automata.hoa:4585.1-4614.7,2,7,14,14,4,2,2,1,0,113,99,106,92,59,59,50,50
175,random_automata.hoa:4615.1-4638.7,2,5,10,10,4,1,2,1,0,249,203,143,109,91,91,64,64
176,random_automata.hoa:4639.1-4661.7,2,5,9,9,4,1,1,1,0,239,208,118,93,67,67,38,38
177,random_automata.hoa:4662.1-4692.7,2,7,15,15,4,2,2,1,0,316,276,298,258,89,89,85,85
178,random_automata.hoa:4693.1-4713.7,2,4,8,8,4,1,2,1,0,294,281,174,161,105,105,79,79
179,random_automata.hoa:4714.1-4743.7,2,6,15,15,4,1,3,1,0,2346,2153,1101,985,676,676,361,361
180,random_automata.hoa:4744.1-4768.7,2,5,11,11,4,1,4,1,0,190,181,261,232,102,102,101,101
181,random_automata.hoa:4769.1-4787.7,2,4,6,6,4,1,0,0,0,41,36,22,17,25,25,8,8
182,random_automata.hoa:4788.1-4811.7,2,5,10,10,4,2,0,0,0,38,33,38,33,23,23,23,23
183,random_automata.hoa:4812.1-4837.7,3,6,11,11,4,2,1,1,0,146,128,146,128,62,62,62,62
184,random_automata.hoa:4838.1-4866.7,3,7,13,13,4,1,0,0,0,60,52,36,28,42,42,23,23
185,random_automata.hoa:4867.1-4898.7,3,7,16,16,4,1,2,1,0,497,451,254,217,140,140,102,102
186,random_automata.hoa:4899.1-4928.7,3,6,15,15,4,1,1,1,0,211,180,211,180,44,44,42,42
187,random_automata.hoa:4929.1-4954.7,3,6,11,11,4,1,1,1,0,220,196,220,196,66,66,66,66
188,random_automata.hoa:4955.1-4986.7,3,7,16,16,4,1,2,1,0,493,461,453,421,104,104,88,88
189,random_automata.hoa:4987.1-5018.7,3,7,16,16,4,1,2,1,0,570,503,570,503,119,119,119,119
190,random_automata.hoa:5019.1-5051.7,3,7,17,17,4,1,2,1,0,493,443,479,429,118,118,105,105
191,random_automata.hoa:5052.1-5082.7,3,7,15,15,4,1,0,0,0,62,54,60,52,45,45,43,43
192,random_automata.hoa:5083.1-5104.7,3,4,9,9,4,3,1,1,0,41,36,35,30,15,15,13,13
193,random_automata.hoa:5105.1-5134.7,3,7,14,14,4,1,1,1,0,419,367,419,367,128,128,128,128
194,random_automata.hoa:5135.1-5161.7,3,6,12,12,4,1,1,1,0,444,401,420,377,92,92,88,88
195,random_automata.hoa:5162.1-5182.7,3,4,8,8,4,1,1,1,0,98,81,83,66,20,20,20,20
196,random_automata.hoa:5183.1-5205.7,3,5,9,9,4,1,1,1,0,231,205,231,205,79,79,79,79
197,random_automata.hoa:5206.1-5229.7,3,5,10,10,4,3,0,0,0,50,47,49,46,38,38,27,27
198,random_automata.hoa:5230.1-5263.7,3,7,18,18,4,1,4,1,0,508,455,407,347,130,130,100,100
199,random_automata.hoa:5264.1-5293.7,3,7,14,14,4,1,1,1,0,427,386,350,273,102,102,78,78
200,random_automata.hoa:5294.1-5314.7,3,4,8,8,4,1,0,0,0,43,38,41,36,29,29,21,21
201,random_automata.hoa:5315.1-5342.7,3,6,13,13,4,1,3,1,0,457,427,431,395,152,152,118,118
202,random_automata.hoa:5343.1-5376.7,3,7,18,18,4,1,2,1,0,856,736,407,349,222,222,166,166
203,random_automata.hoa:5377.1-5400.7,3,5,10,10,4,1,1,1,0,169,144,71,52,41,41,23,23
204,random_automata.hoa:5401.1-5427.7,3,5,13,13,4,1,2,1,0,281,232,133,107,80,80,58,58
205,random_automata.hoa:5428.1-5461.7,3,7,18,18,4,1,2,1,0,530,487,471,428,117,117,117,117
206,random_automata.hoa:5462.1-5496.7,4,7,19,19,4,1,3,1,0,589,556,561,528,155,155,153,153
207,random_automata.hoa:5497.1-5516.7,4,4,7,7,4,3,0,0,0,31,27,31,27,10,10,9,9
208,random_automata.hoa:5517.1-5543.7,4,6,12,12,4,1,2,1,0,230,199,216,185,79,79,82,82
209,random_automata.hoa:5544.1-5564.7,4,4,8,8,4,1,0,0,0,39,34,37,32,25,25,21,21
210,random_automata.hoa:5565.1-5596.7,4,7,16,16,4,2,0,0,0,59,52,59,52,35,35,35,35
211,random_automata.hoa:5597.1-5624.7,4,6,13,13,4,1,1,1,0,310,293,231,214,113,113,109,109
212,random_automata.hoa:5625.1-5659.7,4,7,19,19,4,2,2,1,0,490,426,490,426,125,125,125,125
213,random_automata.hoa:5660.1-5692.7,4,7,17,17,4,1,0,0,0,72,64,56,48,44,44,42,42
214,random_automata.hoa:5693.1-5720.7,4,6,13,13,4,1,0,0,0,61,54,55,48,45,45,33,33
215,random_automata.hoa:5721.1-5753.7,4,7,17,17,4,2,1,1,0,724,641,795,712,159,159,162,162
216,random_automata.hoa:5754.1-5785.7,4,7,16,16,4,1,0,0,0,69,61,65,57,47,47,37,37
217,random_automata.hoa:5786.1-5809.7,4,6,9,9,4,1,0,0,0,41,34,25,18,27,27,15,15
218,random_automata.hoa:5810.1-5835.7,4,5,12,12,4,1,1,1,0,289,270,289,270,84,84,68,68
219,random_automata.hoa:5836.1-5859.7,4,5,10,10,4,1,0,0,0,54,48,42,36,41,41,31,31
220,random_automata.hoa:5860.1-5893.7,4,7,18,18,4,1,1,1,0,688,605,640,557,167,167,167,167
221,random_automata.hoa:5894.1-5922.7,4,6,14,14,4,1,1,1,0,241,212,227,198,88,88,82,82
222,random_automata.hoa:5923.1-5958.7,4,7,20,20,4,2,1,1,0,119,106,115,102,43,43,41,41
223,random_automata.hoa:5959.1-5982.7,4,6,9,9,4,5,0,0,0,50,45,40,35,37,37,17,17
224,random_automata.hoa:5983.1-6017.7,4,7,19,19,4,2,1,1,0,339,298,339,298,113,113,109,109
225,random_automata.hoa:6018.1-6050.7,4,7,17,17,4,1,2,1,0,569,495,548,474,133,133,129,129
226,random_automata.hoa:6051.1-6079.7,4,7,13,13,4,1,0,0,0,64,56,46,38,48,48,32,32
227,random_automata.hoa:6080.1-6105.7,2,6,11,11,5,1,2,1,0,431,379,283,238,124,124,88,88
228,random_automata.hoa:6106.1-6137.7,2,7,16,16,5,3,2,1,0,4420,3796,3874,3264,746,746,620,620
229,random_automata.hoa:6138.1-6167.7,2,6,15,15,5,1,3,1,0,627,610,627,610,180,180,180,180
230,random_automata.hoa:6168.1-6193.7,2,6,11,11,5,1,2,1,0,223,203,223,203,89,89,89,89
231,random_automata.hoa:6194.1-6227.7,2,7,18,18,5,1,3,1,0,5162,4804,4671,4318,1041,1041,964,964
232,random_automata.hoa:6228.1-6259.7,2,7,16,16,5,1,1,1,0,553,512,553,512,159,159,159,159
233,random_automata.hoa:6260.1-6291.7,2,7,16,16,5,1,1,1,0,1563,1440,1557,1434,319,319,306,306
234,random_automata.hoa:6292.1-6324.7,2,7,17,17,5,1,4,1,0,677,642,488,453,164,164,138,138
235,random_automata.hoa:6325.1-6345.7,2,4,8,8,5,1,0,0,0,53,48,53,48,39,39,31,31
236,random_automata.hoa:6346.1-6370.7,2,5,11,11,5,1,1,1,0,355,319,259,223,117,117,69,69
237,random_automata.hoa:6371.1-6397.7,2,6,12,12,5,1,0,0,0,59,52,59,52,41,41,41,41
238,random_automata.hoa:6398.1-6424.7,2,6,12,12,5,1,4,1,0,442,412,350,320,131,131,127,127
239,random_automata.hoa:6425.1-6455.7,2,7,15,15,5,1,3,1,0,1751,1543,1484,1307,352,352,303,303
240,random_automata.hoa:6456.1-6477.7,2,4,9,9,5,1,2,1,0,646,598,374,336,163,163,106,106
241,random_automata.hoa:6478.1-6505.7,2,6,13,13,5,1,1,1,0,625,574,583,532,173,173,156,156
242,random_automata.hoa:6506.1-6524.7,2,3,7,7,5,1,2,1,0,315,297,151,134,77,77,53,53
243,random_automata.hoa:6525.1-6548.7,2,5,10,10,5,1,2,1,0,624,558,323,272,141,141,104,104
244,random_automata.hoa:6549.1-6571.7,2,4,10,10,5,1,1,1,0,225,209,225,209,85,85,85,85
245,random_automata.hoa:6572.1-6605.7,2,7,18,18,5,1,2,1,0,10556,9442,8856,7581,8611,8611,6747,6747
246,random_automata.hoa:6606.1-6633.7,2,6,13,13,5,1,3,1,0,1188,1071,618,532,221,221,133,133
247,random_automata.hoa:6634.1-6660.7,2,6,12,12,5,2,3,1,0,644,570,140,94,186,186,81,81
248,random_automata.hoa:6661.1-6684.7,2,5,10,10,5,1,2,1,0,799,732,64,50,160,160,18,18
249,random_automata.hoa:6685.1-6718.7,2,7,18,18,5,1,2,1,0,977,928,1083,976,235,235,227,227
250,random_automata.hoa:6719.1-6743.7,2,5,11,11,5,1,3,1,0,230,212,172,154,81,81,57,57
251,random_automata.hoa:6744.1-6768.7,3,5,11,11,5,1,3,1,0,341,318,341,318,102,102,102,102
252,random_automata.hoa:6769.1-6803.7,3,7,19,19,5,1,1,1,0,2530,2356,1209,1050,521,521,277,277
253,random_automata.hoa:6804.1-6823.7,3,4,7,7,5,1,0,0,0,45,40,35,30,23,23,15,15
254,random_automata.hoa:6824.1-6850.7,3,6,12,12,5,1,0,0,0,71,64,49,42,52,52,34,34
255,random_automata.hoa:6851.1-6875.7,3,6,10,10,5,1,1,1,0,272,238,272,238,100,100,100,100
256,random_automata.hoa:6876.1-6907.7,3,7,16,16,5,2,1,1,0,396,359,390,353,103,103,105,105
257,random_automata.hoa:6908.1-6935.7,3,6,13,13,5,2,2,1,0,411,368,349,309,93,93,91,91
258,random_automata.hoa:6936.1-6970.7,3,7,19,19,5,1,2,1,0,1786,1672,1206,1102,370,370,299,299
259,random_automata.hoa:6971.1-7003.7,3,7,17,17,5,1,1,1,0,443,394,433,384,145,145,137,137
260,random_automata.hoa:7004.1-7030.7,3,6,12,12,5,1,0,0,0,70,63,70,63,50,50,46,46
261,random_automata.hoa:7031.1-7055.7,3,5,11,11,5,1,0,0,0,61,55,57,51,39,39,26,26
262,random_automata.hoa:7056.1-7083.7,3,6,13,13,5,1,2,1,0,331,300,287,256,99,99,87,87
263,random_automata.hoa:7084.1-7116.7,3,7,17,17,5,1,1,1,0,568,526,572,530,155,155,157,157
264,random_automata.hoa:7117.1-7149.7,3,7,17,17,5,1,4,1,0,712,692,712,692,216,216,216,216
265,random_automata.hoa:7150.1-7175.7,3,5,12,12,5,1,1,1,0,135,122,131,118,36,36,36,36
266,random_automata.hoa:7176.1-7209.7,3,7,18,18,5,1,3,1,0,864,817,852,805,218,218,218,218
267,random_automata.hoa:7210.1-7238.7,3,6,14,14,5,1,0,0,0,71,64,71,64,55,55,55,55
268,random_automata.hoa:7239.1-7274.7,3,7,20,20,5,1,3,1,0,1617,1484,1663,1504,257,257,253,253
269,random_automata.hoa:7275.1-7302.7,3,7,12,12,5,2,0,0,0,72,64,50,42,36,36,28,28
270,random_automata.hoa:7303.1-7331.7,3,7,13,13,5,1,1,1,0,233,213,148,136,85,85,62,62
271,random_automata.hoa:7332.1-7361.7,4,7,14,14,5,2,0,0,0,66,59,62,55,47,47,24,24
272,random_automata.hoa:7362.1-7391.7,4,7,14,14,5,2,1,1,0,244,213,236,205,49,49,45,45
273,random_automata.hoa:7392.1-7423.7,4,7,16,16,5,1,2,1,0,468,420,452,404,131,131,127,127
274,random_automata.hoa:7424.1-7455.7,4,7,16,16,5,2,1,1,0,410,364,221,196,100,100,84,84
275,random_automata.hoa:7456.1-7487.7,4,7,16,16,5,1,0,0,0,86,78,82,74,65,65,57,57
276,random_automata.hoa:7488.1-7514.7,4,6,12,12,5,1,0,0,0,72,65,65,58,51,51,47,47
277,random_automata.hoa:7515.1-7547.7,4,7,17,17,5,1,0,0,0,82,74,82,74,64,64,50,50
278,random_automata.hoa:7548.1-7566.7,4,4,6,6,5,2,0,0,0,41,37,41,37,24,24,24,24
279,random_automata.hoa:7567.1-7590.7,4,5,10,10,5,2,0,0,0,56,50,52,46,35,35,31,31
280,random_automata.hoa:7591.1-7625.7,4,7,19,19,5,1,3,1,0,1140,1049,898,817,196,196,176,176
281,random_automata.hoa:7626.1-7653.7,4,6,13,13,5,1,1,1,0,176,163,166,153,53,53,51,51
282,random_automata.hoa:7654.1-7689.7,4,7,20,20,5,1,0,0,0,82,74,80,72,65,65,59,59
283,random_automata.hoa:7690.1-7712.7,4,5,9,9,5,1,0,0,0,58,52,36,30,41,41,23,23
284,random_automata.hoa:7713.1-7741.7,4,7,13,13,5,1,1,1,0,570,513,438,381,136,136,108,108
285,random_automata.hoa:7742.1-7774.7,4,7,17,17,5,1,0,0,0,82,74,82,74,65,65,65,65
286,random_automata.hoa:7775.1-7803.7,4,6,14,14,5,1,0,0,0,75,68,75,68,51,51,43,43
287,random_automata.hoa:7804.1-7828.7,2,5,11,11,6,1,2,1,0,1000,953,882,835,189,189,184,184
288,random_automata.hoa:7829.1-7863.7,2,7,19,19,6,1,2,1,0,1137,1053,938,862,205,205,171,171
289,random_automata.hoa:7864.1-7883.7,2,4,7,7,6,1,1,1,0,235,214,193,172,77,77,49,49
290,random_automata.hoa:7884.1-7915.7,2,7,16,16,6,1,2,1,0,895,789,895,789,212,212,212,212
291,random_automata.hoa:7916.1-7950.7,2,7,19,19,6,2,3,1,0,19802,17417,17636,15346,15854,15854,13920,13920
292,random_automata.hoa:7951.1-7983.7,2,7,17,17,6,1,3,1,0,3382,3008,1243,1057,697,697,339,339
293,random_automata.hoa:7984.1-8011.7,2,6,13,13,6,4,0,0,0,68,62,62,56,30,30,23,23
294,random_automata.hoa:8012.1-8044.7,2,7,17,17,6,1,3,1,0,6807,6260,6807,6260,5940,5940,5940,5940
295,random_automata.hoa:8045.1-8076.7,2,7,16,16,6,1,3,1,0,1629,1539,1644,1538,288,288,280,280
296,random_automata.hoa:8077.1-8109.7,2,7,17,17,6,1,2,1,0,1395,1314,1395,1314,244,244,244,244
297,random_automata.hoa:8110.1-8135.7,2,5,12,12,6,1,2,1,0,1248,1175,1121,1048,241,241,221,221
298,random_automata.hoa:8136.1-8169.7,2,7,18,18,6,1,3,1,0,1665,1590,1928,1853,392,392,379,379
299,random_automata.hoa:8170.1-8188.7,2,4,6,6,6,1,0,0,0,59,54,37,32,41,41,23,23
300,random_automata.hoa:8189.1-8217.7,2,6,14,14,6,1,4,1,0,1324,1232,1311,1188,243,243,217,217
301,random_automata.hoa:8218.1-8253.7,2,7,20,20,6,1,2,1,0,6681,6214,6681,6214,5689,5689,5666,5666
302,random_automata.hoa:8254.1-8281.7,2,7,12,12,6,1,0,0,0,70,62,70,62,47,47,40,40
303,random_automata.hoa:8282.1-8316.7,2,7,19,19,6,1,4,1,0,6950,6549,6309,5830,6345,6345,5616,5616
304,random_automata.hoa:8317.1-8349.7,2,7,17,17,6,1,2,1,0,986,924,910,848,216,216,212,212
305,random_automata.hoa:8350.1-8381.7,2,7,16,16,6,1,4,1,0,1802,1726,1806,1730,482,482,444,444
306,random_automata.hoa:8382.1-8411.7,3,7,14,14,6,2,1,1,0,360,347,248,235,118,118,94,94
307,random_automata.hoa:8412.1-8441.7,3,7,14,14,6,1,1,1,0,404,382,318,290,138,138,114,114
308,random_automata.hoa:8442.1-8473.7,3,7,16,16,6,1,1,1,0,528,478,516,466,65,65,53,53
309,random_automata.hoa:8474.1-8499.7,3,6,11,11,6,1,1,1,0,344,312,268,237,139,139,95,95
310,random_automata.hoa:8500.1-8531.7,3,7,16,16,6,1,2,1,0,373,340,369,336,115,115,114,114
311,random_automata.hoa:8532.1-8563.7,3,7,16,16,6,1,0,0,0,90,82,88,80,69,69,65,65
312,random_automata.hoa:8564.1-8590.7,3,6,12,12,6,1,0,0,0,83,76,83,76,65,65,65,65
313,random_automata.hoa:8591.1-8610.7,3,4,7,7,6,1,0,0,0,49,44,49,44,25,25,20,20
314,random_automata.hoa:8611.1-8643.7,3,7,17,17,6,1,1,1,0,768,726,513,479,198,198,156,156
315,random_automata.hoa:8644.1-8678.7,3,7,19,19,6,4,1,1,0,482,461,388,367,119,119,95,95
316,random_automata.hoa:8679.1-8706.7,3,6,13,13,6,1,0,0,0,77,70,75,68,51,51,39,39
317,random_automata.hoa:8707.1-8742.7,3,7,20,20,6,1,4,1,0,891,855,656,620,205,205,168,168
318,random_automata.hoa:8743.1-8768.7,3,5,12,12,6,1,1,1,0,593,550,593,550,139,139,131,131
319,random_automata.hoa:8769.1-8797.7,3,7,13,13,6,1,1,1,0,932,882,640,590,149,149,127,127
320,random_automata.hoa:8798.1-8820.7,3,5,9,9,6,1,1,1,0,454,405,140,115,87,87,46,46
321,random_automata.hoa:8821.1-8849.7,3,7,13,13,6,1,1,1,0,788,731,222,189,165,165,45,45
322,random_automata.hoa:8850.1-8882.7,3,7,17,17,6,1,2,1,0,1024,951,1138,1065,221,221,221,221
323,random_automata.hoa:8883.1-8903.7,4,4,8,8,6,1,0,0,0,65,60,55,50,46,46,32,32
324,random_automata.hoa:8904.1-8935.7,4,7,16,16,6,1,0,0,0,102,94,100,92,67,67,63,63
325,random_automata.hoa:8936.1-8961.7,4,5,12,12,6,1,1,1,0,566,523,507,464,130,130,129,129
326,random_automata.hoa:8962.1-8990.7,4,6,14,14,6,1,2,1,0,469,430,440,402,132,132,118,118
327,random_automata.hoa:8991.1-9019.7,4,6,14,14,6,1,0,0,0,71,64,63,56,46,46,46,46
328,random_automata.hoa:9020.1-9043.7,4,5,10,10,6,1,0,0,0,64,58,62,56,41,41,38,38
329,random_automata.hoa:9044.1-9075.7,4,7,16,16,6,1,1,1,0,936,858,822,738,180,180,168,168
330,random_automata.hoa:9076.1-9110.7,4,7,19,19,6,1,0,0,0,101,93,46,38,70,70,29,29
331,random_automata.hoa:9111.1-9137.7,4,5,13,13,6,1,0,0,0,74,68,74,68,49,49,49,49
332,random_automata.hoa:9138.1-9169.7,4,6,17,17,6,1,0,0,0,91,84,89,82,73,73,71,71
333,random_automata.hoa:9170.1-9199.7,4,6,15,15,6,1,1,1,0,1022,935,475,406,176,176,131,131
334,random_automata.hoa:9200.1-9229.7,4,6,15,15,6,1,0,0,0,87,80,87,80,57,57,43,43
335,random_automata.hoa:9230.1-9263.7,4,7,18,18,6,2,1,1,0,771,714,544,494,178,178,150,150
336,random_automata.hoa:9264.1-9293.7,4,7,14,14,6,2,1,1,0,331,316,299,284,117,117,105,105
337,random_automata.hoa:9294.1-9314.7,4,4,8,8,6,1,0,0,0,57,52,26,21,37,37,12,12
338,random_automata.hoa:9315.1-9336.7,4,5,8,8,6,1,1,1,0,190,174,57,41,93,93,17,17
339,random_automata.hoa:9337.1-9363.7,4,7,11,11,6,1,1,1,0,304,278,262,236,123,123,111,111
340,random_automata.hoa:9364.1-9387.7,4,5,10,10,6,1,0,0,0,73,67,67,61,52,52,21,21
341,random_automata.hoa:9388.1-9413.7,4,6,11,11,6,1,1,1,0,194,165,129,107,59,59,42,42
342,random_automata.hoa:9414.1-9447.7,4,7,18,18,6,1,1,1,0,437,394,437,394,73,73,59,59
343,random_automata.hoa:9448.1-9482.7,4,7,19,19,6,1,1,1,0,553,489,254,225,159,159,106,106
344,random_automata.hoa:9483.1-9512.7,4,7,14,14,6,1,1,1,0,539,467,592,520,135,135,108,108
